elapsed_s,cpu_percent,ram_mb,ram_percent
0.0,2.3,4165.0,203.4
0.5,0.9,4164.2,203.3
1.0,2.2,4163.6,203.3
1.5,0.8,4163.4,203.3
2.0,0.9,4162.9,203.3
2.5,0.8,4162.9,203.3
3.0,0.8,4162.7,203.3
3.5,0.8,4162.7,203.3
4.01,3.1,4162.5,203.2
4.51,0.8,4162.5,203.2
5.01,0.8,4162.3,203.2
5.51,0.8,4162.0,203.2
6.01,1.3,4162.0,203.2
6.51,0.8,4162.0,203.2
7.01,0.8,4161.9,203.2
7.51,0.8,4161.8,203.2
8.01,0.8,4162.3,203.2
8.51,0.8,4162.1,203.2
9.01,3.3,4162.2,203.2
9.51,0.8,4162.2,203.2
10.01,0.8,4161.8,203.2
10.51,0.8,4161.8,203.2
11.01,2.2,4161.8,203.2
11.52,0.8,4161.7,203.2
12.02,1.5,4161.4,203.2
12.52,0.8,4161.2,203.2
13.02,0.9,4161.2,203.2
13.52,0.8,4161.1,203.2
14.02,1.9,4161.1,203.2
14.52,0.8,4161.1,203.2
15.02,0.8,4161.5,203.2
15.52,0.8,4161.5,203.2
16.02,2.2,4161.5,203.2
16.52,0.8,4161.5,203.2
17.02,0.8,4161.5,203.2
17.52,0.8,4161.5,203.2
18.02,0.8,4161.5,203.2
18.52,0.8,4161.5,203.2
19.03,3.4,4161.1,203.2
19.53,0.8,4161.1,203.2
20.03,0.8,4161.1,203.2
20.53,0.8,4161.1,203.2
21.03,2.1,4161.1,203.2
21.53,0.8,4161.1,203.2
22.03,0.8,4161.1,203.2
22.53,0.8,4161.1,203.2
23.03,0.8,4161.1,203.2
23.53,0.8,4161.1,203.2
24.03,1.9,4161.1,203.2
24.53,0.8,4161.2,203.2
25.03,0.8,4161.2,203.2
25.53,0.8,4161.2,203.2
26.03,1.9,4161.1,203.2
26.54,0.8,4161.1,203.2
27.04,0.8,4161.1,203.2
27.54,0.8,4161.1,203.2
28.04,0.8,4161.1,203.2
28.54,0.8,4161.1,203.2
29.04,2.8,4161.1,203.2
29.54,0.8,4161.1,203.2
30.04,0.8,4161.1,203.2
30.54,0.8,4161.1,203.2
31.04,2.1,4161.1,203.2
31.54,0.8,4161.1,203.2
32.04,0.9,4161.1,203.2
32.54,0.8,4161.1,203.2
33.04,0.8,4161.1,203.2
33.54,0.8,4161.1,203.2
34.05,3.0,4161.1,203.2
34.55,0.8,4161.1,203.2
35.05,0.8,4161.1,203.2
35.55,0.8,4161.1,203.2
36.05,2.0,4161.1,203.2
36.55,0.8,4161.1,203.2
37.05,0.8,4161.1,203.2
37.55,0.8,4161.1,203.2
38.05,0.8,4161.1,203.2
38.55,0.9,4161.1,203.2
39.05,2.8,4161.1,203.2
39.55,0.8,4161.1,203.2
40.05,0.8,4161.1,203.2
40.55,0.8,4161.1,203.2
41.05,2.2,4161.1,203.2
41.56,0.8,4161.1,203.2
42.06,0.9,4161.1,203.2
42.56,0.8,4161.1,203.2
43.06,0.8,4161.1,203.2
43.56,0.8,4161.1,203.2
44.06,2.8,4161.2,203.2
44.56,0.8,4161.2,203.2
45.06,0.8,4161.2,203.2
45.56,0.8,4161.1,203.2
46.06,1.8,4161.1,203.2
46.56,0.8,4161.1,203.2
47.06,0.8,4161.1,203.2
47.56,0.8,4161.1,203.2
48.06,0.8,4161.1,203.2
48.56,0.8,4161.1,203.2
49.07,2.7,4161.1,203.2
49.57,0.8,4161.1,203.2
50.07,0.8,4161.1,203.2
50.57,0.8,4161.1,203.2
51.07,1.2,4161.1,203.2
51.57,0.8,4161.1,203.2
52.07,1.0,4161.1,203.2
52.57,0.8,4161.1,203.2
53.07,0.8,4161.1,203.2
53.57,0.8,4161.1,203.2
54.07,2.4,4161.1,203.2
54.57,0.8,4161.1,203.2
55.07,0.8,4161.1,203.2
55.57,0.8,4161.1,203.2
56.08,1.5,4161.1,203.2
56.58,0.8,4160.9,203.2
57.08,0.8,4160.9,203.2
57.58,0.8,4160.9,203.2
58.08,0.8,4160.9,203.2
58.58,0.8,4160.9,203.2
59.08,2.8,4161.3,203.2
59.58,1.3,4161.2,203.2
60.08,0.8,4161.2,203.2
60.58,0.8,4161.2,203.2
61.08,1.7,4161.2,203.2
61.58,0.8,4161.2,203.2
62.08,0.9,4161.2,203.2
62.58,0.8,4161.2,203.2
63.08,0.8,4161.2,203.2
63.59,0.8,4161.2,203.2
64.09,1.1,4161.2,203.2
64.59,2.3,4161.2,203.2
65.09,0.9,4161.2,203.2
65.59,0.8,4161.2,203.2
66.09,2.2,4161.2,203.2
66.59,0.8,4161.2,203.2
67.09,0.8,4161.2,203.2
67.59,0.8,4161.2,203.2
68.09,0.8,4161.2,203.2
68.59,0.9,4161.2,203.2
69.09,2.1,4161.2,203.2
69.59,1.8,4161.2,203.2
70.09,0.8,4161.0,203.2
70.59,0.8,4161.0,203.2
71.1,2.0,4161.0,203.2
71.6,0.8,4161.0,203.2
72.1,0.9,4161.0,203.2
72.6,0.8,4161.0,203.2
73.1,0.8,4161.0,203.2
73.6,0.8,4161.0,203.2
74.1,1.5,4161.0,203.2
74.6,2.1,4161.0,203.2
75.1,0.8,4161.0,203.2
75.6,0.8,4161.7,203.2
76.1,1.2,4161.7,203.2
76.6,0.8,4161.7,203.2
77.1,1.0,4161.7,203.2
77.6,0.8,4161.7,203.2
78.1,0.8,4161.7,203.2
78.61,0.8,4161.7,203.2
79.11,2.0,4161.5,203.2
79.61,1.6,4161.5,203.2
80.11,0.8,4161.5,203.2
80.61,0.8,4161.5,203.2
81.11,2.1,4161.5,203.2
81.61,0.8,4161.7,203.2
82.11,0.9,4161.5,203.2
82.61,0.8,4161.5,203.2
83.11,0.8,4161.5,203.2
83.61,0.8,4161.5,203.2
84.11,1.5,4161.5,203.2
84.61,2.0,4161.5,203.2
85.11,0.8,4161.5,203.2
85.62,0.8,4161.5,203.2
86.12,2.1,4161.5,203.2
86.62,0.9,4161.5,203.2
87.12,0.8,4161.5,203.2
87.62,0.8,4161.5,203.2
88.12,0.8,4161.5,203.2
88.62,0.8,4161.5,203.2
89.12,1.8,4161.5,203.2
89.62,2.1,4161.5,203.2
90.12,0.8,4161.5,203.2
90.62,0.8,4161.5,203.2
91.12,1.4,4161.5,203.2
91.62,0.8,4161.6,203.2
92.12,0.9,4161.6,203.2
92.62,0.8,4161.6,203.2
93.13,0.8,4161.6,203.2
93.63,0.8,4161.6,203.2
94.13,2.0,4161.6,203.2
94.63,2.1,4161.6,203.2
95.13,0.8,4161.5,203.2
95.63,0.8,4161.6,203.2
96.13,2.2,4161.6,203.2
96.63,0.8,4161.6,203.2
97.13,0.8,4161.6,203.2
97.63,0.8,4161.6,203.2
98.13,0.8,4161.7,203.2
98.63,0.8,4161.5,203.2
99.13,2.1,4161.5,203.2
99.63,2.0,4161.5,203.2
100.14,0.8,4161.5,203.2
100.64,0.8,4161.5,203.2
101.14,2.2,4161.5,203.2
101.64,0.8,4161.5,203.2
102.14,0.8,4161.5,203.2
102.64,0.8,4161.5,203.2
103.14,0.8,4161.5,203.2
103.64,0.8,4161.5,203.2
104.14,1.3,4161.5,203.2
104.64,2.1,4161.5,203.2
105.14,0.9,4161.5,203.2
105.64,0.8,4161.5,203.2
106.14,1.8,4161.7,203.2
106.64,0.8,4161.7,203.2
107.15,0.8,4161.7,203.2
107.65,0.8,4161.7,203.2
108.15,0.8,4161.7,203.2
108.65,0.8,4161.5,203.2
109.15,2.3,4161.5,203.2
109.65,1.3,4161.5,203.2
110.15,0.8,4161.5,203.2
110.65,0.8,4161.5,203.2
111.15,2.0,4161.4,203.2
111.65,0.8,4161.5,203.2
112.15,0.9,4161.5,203.2
112.65,0.8,4161.5,203.2
113.15,0.8,4161.5,203.2
113.65,0.8,4161.4,203.2
114.15,1.7,4161.4,203.2
114.66,1.6,4161.4,203.2
115.16,0.8,4161.4,203.2
115.66,0.8,4161.4,203.2
116.16,2.2,4161.4,203.2
116.66,0.8,4161.4,203.2
117.16,0.8,4161.4,203.2
117.66,0.8,4161.4,203.2
118.16,0.8,4161.4,203.2
118.66,0.8,4161.4,203.2
119.16,2.1,4161.4,203.2
119.66,1.6,4161.4,203.2
120.16,0.8,4161.4,203.2
120.66,0.8,4161.4,203.2
121.16,2.3,4161.4,203.2
121.66,0.8,4161.4,203.2
122.17,0.9,4161.4,203.2
122.67,0.8,4161.4,203.2
123.17,0.8,4161.4,203.2
123.67,0.8,4161.4,203.2
124.17,1.0,4161.4,203.2
124.67,2.3,4161.4,203.2
125.17,0.8,4161.4,203.2
125.67,0.8,4161.4,203.2
126.17,2.2,4161.4,203.2
126.67,0.9,4167.2,203.5
127.17,0.8,4167.2,203.5
127.67,0.9,4167.4,203.5
128.17,0.8,4167.4,203.5
128.67,0.9,4167.1,203.5
129.17,2.0,4167.1,203.5
129.68,2.7,4167.1,203.5
130.18,0.8,4167.1,203.5
130.68,0.8,4167.1,203.5
131.18,2.2,4167.1,203.5
131.68,0.8,4167.1,203.5
132.18,0.9,4167.1,203.5
132.68,0.8,4167.1,203.5
133.18,0.8,4167.1,203.5
133.68,0.8,4167.1,203.5
134.18,1.5,4167.1,203.5
134.68,2.1,4167.1,203.5
135.18,0.8,4167.1,203.5
135.68,0.8,4167.1,203.5
136.18,2.0,4167.1,203.5
136.69,0.8,4167.1,203.5
137.19,0.8,4167.1,203.5
137.69,0.8,4167.1,203.5
138.19,0.8,4167.8,203.5
138.69,0.8,4167.8,203.5
139.19,2.1,4167.8,203.5
139.69,1.7,4167.8,203.5
140.19,0.8,4167.8,203.5
140.69,0.8,4167.8,203.5
141.19,1.6,4167.8,203.5
141.69,0.8,4167.7,203.5
142.19,0.8,4167.7,203.5
142.69,0.8,4167.7,203.5
143.19,0.8,4167.7,203.5
143.69,0.8,4167.7,203.5
144.2,1.4,4167.7,203.5
144.7,2.3,4167.7,203.5
145.2,0.8,4167.7,203.5
145.7,0.8,4167.7,203.5
146.2,1.9,4167.7,203.5
146.7,0.8,4167.7,203.5
147.2,0.8,4167.7,203.5
147.7,0.9,4167.7,203.5
148.2,0.8,4167.7,203.5
148.7,0.8,4167.7,203.5
149.2,1.6,4167.7,203.5
149.7,2.2,4167.7,203.5
150.2,0.8,4167.7,203.5
150.7,0.8,4167.7,203.5
151.2,1.6,4167.7,203.5
151.71,0.8,4167.7,203.5
152.21,0.9,4167.7,203.5
152.71,0.8,4167.7,203.5
153.21,0.8,4167.7,203.5
153.71,0.8,4167.7,203.5
154.21,2.3,4167.7,203.5
154.71,1.2,4167.7,203.5
155.21,0.8,4167.7,203.5
155.71,0.8,4167.9,203.5
156.21,2.2,4167.9,203.5
156.71,0.8,4168.5,203.5
157.21,0.8,4168.5,203.5
157.71,0.8,4168.5,203.5
158.21,0.8,4168.5,203.5
158.71,0.9,4168.5,203.5
159.22,1.7,4168.5,203.5
159.72,2.2,4168.5,203.5
160.22,0.8,4168.5,203.5
160.72,0.9,4168.5,203.5
161.22,1.5,4168.5,203.5
161.72,0.8,4168.5,203.5
162.22,0.9,4168.5,203.5
162.72,0.9,4168.5,203.5
163.22,0.8,4168.5,203.5
163.72,0.8,4168.5,203.5
164.22,2.3,4168.5,203.5
164.72,1.4,4168.5,203.5
165.22,0.8,4168.5,203.5
165.72,0.8,4168.5,203.5
166.23,1.9,4168.5,203.5
166.73,0.8,4168.6,203.5
167.23,0.8,4168.6,203.5
167.73,0.8,4168.6,203.5
168.23,0.8,4168.6,203.5
168.73,0.8,4168.6,203.5
169.23,1.8,4168.6,203.5
169.73,1.9,4168.6,203.5
170.23,0.8,4168.6,203.5
170.73,0.8,4168.6,203.5
171.23,2.2,4168.6,203.5
171.73,0.8,4168.6,203.5
172.23,0.9,4168.6,203.5
172.73,0.8,4168.6,203.5
173.23,0.8,4168.6,203.5
173.74,0.8,4168.9,203.6
174.24,1.0,4168.7,203.5
174.74,1.6,4168.7,203.5
175.24,0.8,4168.7,203.5
175.74,0.8,4168.7,203.5
176.24,2.1,4168.7,203.5
176.74,0.8,4168.7,203.5
177.24,0.8,4168.7,203.5
177.74,0.8,4168.7,203.5
178.24,0.8,4169.5,203.6
178.74,0.8,4169.5,203.6
179.24,2.1,4169.6,203.6
179.74,2.2,4169.6,203.6
180.24,0.8,4169.4,203.6
180.75,0.8,4169.3,203.6
181.25,1.6,4169.3,203.6
181.75,0.8,4169.3,203.6
182.25,0.9,4169.6,203.6
182.75,0.8,4169.6,203.6
183.25,0.8,4169.6,203.6
183.75,0.9,4169.5,203.6
184.25,1.6,4169.5,203.6
184.75,2.3,4169.4,203.6
185.25,0.8,4169.4,203.6
185.75,0.8,4169.4,203.6
186.25,2.0,4169.4,203.6
186.75,0.8,4169.4,203.6
187.25,0.8,4169.4,203.6
187.76,0.8,4169.4,203.6
188.26,0.8,4169.4,203.6
188.76,0.8,4169.4,203.6
189.26,1.8,4169.6,203.6
189.76,1.9,4169.5,203.6
190.26,0.8,4169.5,203.6
190.76,0.8,4169.5,203.6
191.26,1.9,4169.4,203.6
191.76,0.8,4169.4,203.6
192.26,0.9,4169.4,203.6
192.76,0.8,4169.4,203.6
193.26,0.8,4169.4,203.6
193.76,0.8,4169.4,203.6
194.26,1.5,4169.4,203.6
194.76,2.0,4169.4,203.6
195.27,0.8,4169.4,203.6
195.77,0.8,4169.4,203.6
196.27,2.1,4169.4,203.6
196.77,0.8,4169.4,203.6
197.27,0.8,4169.4,203.6
197.77,0.8,4169.4,203.6
198.27,0.8,4169.4,203.6
198.77,0.8,4169.4,203.6
199.27,2.2,4169.4,203.6
199.77,1.5,4169.4,203.6
200.27,0.8,4169.4,203.6
200.77,0.8,4169.4,203.6
201.27,2.2,4169.4,203.6
201.77,0.8,4169.4,203.6
202.27,0.9,4169.5,203.6
202.78,0.8,4169.5,203.6
203.28,0.8,4169.5,203.6
203.78,1.0,4169.5,203.6
204.28,2.1,4169.5,203.6
204.78,1.7,4169.5,203.6
205.28,0.8,4169.5,203.6
205.78,0.8,4169.5,203.6
206.28,1.3,4169.5,203.6
206.78,0.8,4169.5,203.6
207.28,0.8,4169.5,203.6
207.78,0.8,4169.5,203.6
208.28,0.8,4169.5,203.6
208.78,0.8,4169.5,203.6
209.28,2.1,4169.5,203.6
209.78,1.4,4169.5,203.6
210.29,0.8,4169.5,203.6
210.79,0.8,4169.5,203.6
211.29,2.1,4169.5,203.6
211.79,0.8,4169.5,203.6
212.29,0.9,4169.5,203.6
212.79,0.8,4169.6,203.6
213.29,0.8,4169.5,203.6
213.79,0.8,4169.6,203.6
214.29,1.9,4169.6,203.6
214.79,1.7,4169.6,203.6
215.29,0.8,4169.6,203.6
215.79,0.8,4169.6,203.6
216.29,2.1,4169.6,203.6
216.79,0.8,4169.6,203.6
217.3,0.8,4169.6,203.6
217.8,0.8,4169.6,203.6
218.3,0.8,4169.6,203.6
218.8,0.9,4169.5,203.6
219.3,2.3,4169.5,203.6
219.8,2.3,4169.5,203.6
220.3,0.8,4169.5,203.6
220.8,0.8,4169.5,203.6
221.3,2.2,4169.5,203.6
221.8,0.8,4169.5,203.6
222.3,0.8,4169.5,203.6
222.8,0.8,4169.5,203.6
223.3,0.8,4169.5,203.6
223.8,0.8,4169.5,203.6
224.3,1.8,4169.5,203.6
224.81,1.3,4169.5,203.6
225.31,0.8,4169.5,203.6
225.81,0.8,4169.5,203.6
226.31,2.1,4169.5,203.6
226.81,0.8,4169.5,203.6
227.31,0.8,4169.5,203.6
227.81,0.8,4169.5,203.6
228.31,0.8,4170.1,203.6
228.81,0.8,4170.1,203.6
229.31,2.2,4170.1,203.6
229.81,2.3,4170.1,203.6
230.31,0.8,4170.1,203.6
230.81,0.8,4170.1,203.6
231.31,1.1,4170.1,203.6
231.81,0.8,4170.1,203.6
232.32,0.9,4170.1,203.6
232.82,0.8,4170.1,203.6
233.32,0.8,4170.1,203.6
233.82,0.8,4170.1,203.6
234.32,1.4,4170.1,203.6
234.82,1.4,4170.1,203.6
235.32,0.8,4170.1,203.6
235.82,0.9,4170.1,203.6
236.32,2.0,4170.1,203.6
236.82,0.8,4170.1,203.6
237.32,0.8,4170.1,203.6
237.82,0.8,4170.1,203.6
238.32,0.8,4170.1,203.6
238.82,0.8,4170.1,203.6
239.33,2.2,4170.9,203.7
239.83,1.9,4170.9,203.7
240.33,0.9,4170.9,203.7
240.83,0.8,4170.9,203.7
241.33,1.9,4170.9,203.7
241.83,0.8,4170.7,203.6
242.33,0.9,4170.8,203.7
242.83,0.8,4170.8,203.7
243.33,0.8,4170.8,203.7
243.83,0.8,4170.8,203.7
244.33,2.1,4170.8,203.7
244.83,2.0,4170.8,203.7
245.33,0.8,4170.7,203.6
245.83,0.8,4170.8,203.7
246.33,2.0,4170.8,203.7
246.84,0.8,4170.8,203.7
247.34,0.8,4170.8,203.7
247.84,0.8,4170.9,203.7
248.34,0.8,4170.9,203.7
248.84,0.9,4171.5,203.7
249.34,1.9,4171.5,203.7
249.84,1.9,4171.5,203.7
250.34,0.8,4171.5,203.7
250.84,0.8,4171.5,203.7
251.34,1.5,4171.5,203.7
251.84,0.8,4171.8,203.7
252.34,0.9,4171.5,203.7
252.84,0.8,4171.5,203.7
253.34,0.8,4171.5,203.7
253.85,0.8,4171.5,203.7
254.35,1.3,4171.5,203.7
254.85,1.7,4171.5,203.7
255.35,0.8,4171.5,203.7
255.85,0.8,4171.4,203.7
256.35,2.1,4171.4,203.7
256.85,0.8,4171.4,203.7
257.35,0.8,4171.4,203.7
257.85,0.8,4171.4,203.7
258.35,0.8,4171.4,203.7
258.85,0.8,4171.4,203.7
259.35,1.5,4171.4,203.7
259.85,2.0,4171.4,203.7
260.35,0.8,4171.4,203.7
260.86,0.8,4171.7,203.7
261.36,2.2,4171.7,203.7
261.86,0.9,4171.6,203.7
262.36,0.8,4171.6,203.7
262.86,0.8,4171.4,203.7
263.36,0.8,4171.4,203.7
263.86,0.8,4171.4,203.7
264.36,1.4,4171.4,203.7
264.86,2.1,4171.4,203.7
265.36,0.8,4171.4,203.7
265.86,0.8,4171.4,203.7
266.36,1.7,4171.4,203.7
266.86,0.8,4171.4,203.7
267.36,0.8,4171.4,203.7
267.86,0.8,4171.4,203.7
268.37,0.8,4171.6,203.7
268.87,0.8,4171.6,203.7
269.37,1.3,4171.4,203.7
269.87,2.1,4171.4,203.7
270.37,0.8,4171.4,203.7
270.87,0.8,4171.4,203.7
271.37,2.0,4171.4,203.7
271.87,0.8,4171.4,203.7
272.37,0.9,4171.4,203.7
272.87,0.8,4171.4,203.7
273.37,0.8,4171.4,203.7
273.87,0.8,4171.4,203.7
274.37,0.8,4171.4,203.7
274.87,1.8,4171.4,203.7
275.38,0.8,4171.4,203.7
275.88,0.8,4171.4,203.7
276.38,1.6,4171.4,203.7
276.88,0.8,4171.4,203.7
277.38,0.8,4171.4,203.7
277.88,0.8,4171.4,203.7
278.38,0.8,4171.4,203.7
278.88,0.9,4171.4,203.7
279.38,0.8,4171.4,203.7
279.88,3.0,4171.4,203.7
280.38,0.8,4171.4,203.7
280.88,0.8,4171.4,203.7
281.38,1.7,4171.4,203.7
281.88,0.8,4171.4,203.7
282.38,0.9,4171.4,203.7
282.89,0.8,4171.4,203.7
283.39,0.8,4171.4,203.7
283.89,0.8,4171.4,203.7
284.39,0.8,4171.4,203.7
284.89,3.1,4171.4,203.7
285.39,0.8,4171.4,203.7
285.89,0.8,4171.4,203.7
286.39,1.8,4171.4,203.7
286.89,0.9,4171.4,203.7
287.39,0.9,4171.4,203.7
287.89,0.8,4171.4,203.7
288.39,0.8,4171.4,203.7
288.89,0.8,4171.4,203.7
289.39,0.8,4171.4,203.7
289.89,2.2,4171.4,203.7
290.4,0.8,4171.4,203.7
290.9,0.8,4171.6,203.7
291.4,1.6,4171.4,203.7
291.9,0.8,4171.4,203.7
292.4,0.9,4171.4,203.7
292.9,0.8,4171.4,203.7
293.4,0.8,4171.4,203.7
293.9,0.8,4171.4,203.7
294.4,0.8,4171.4,203.7
294.9,2.8,4171.6,203.7
295.4,0.8,4171.6,203.7
295.9,0.9,4171.5,203.7
296.4,2.0,4171.5,203.7
296.9,0.8,4171.5,203.7
297.41,0.8,4171.5,203.7
297.91,0.8,4171.5,203.7
298.41,0.8,4171.5,203.7
298.91,0.8,4171.5,203.7
299.41,0.8,4171.5,203.7
299.91,2.9,4171.5,203.7
300.41,0.8,4171.5,203.7
300.91,0.8,4171.5,203.7
301.41,0.9,4171.5,203.7
301.91,1.5,4171.5,203.7
302.41,0.9,4171.5,203.7
302.91,0.9,4171.5,203.7
303.41,0.8,4171.5,203.7
303.91,0.8,4171.5,203.7
304.41,0.8,4171.5,203.7
304.92,3.1,4171.5,203.7
305.42,0.8,4171.5,203.7
305.92,0.8,4171.7,203.7
306.42,0.8,4171.7,203.7
306.92,2.1,4171.7,203.7
307.42,0.8,4171.7,203.7
307.92,0.8,4171.7,203.7
308.42,0.8,4171.6,203.7
308.92,0.9,4171.6,203.7
309.42,0.8,4171.6,203.7
309.92,3.4,4171.6,203.7
310.42,0.8,4171.6,203.7
310.92,0.8,4171.5,203.7
311.42,0.8,4171.5,203.7
311.92,1.7,4171.5,203.7
312.43,0.9,4171.5,203.7
312.93,0.8,4171.5,203.7
313.43,0.8,4172.2,203.7
313.93,0.8,4172.2,203.7
314.43,0.9,4172.2,203.7
314.93,3.0,4172.2,203.7
315.43,0.8,4172.2,203.7
315.93,0.8,4172.2,203.7
316.43,0.8,4172.1,203.7
316.93,1.5,4172.1,203.7
317.43,0.8,4172.1,203.7
317.93,0.8,4172.1,203.7
318.43,0.8,4172.1,203.7
318.93,0.8,4172.1,203.7
319.43,1.0,4172.1,203.7
319.93,2.1,4172.1,203.7
320.44,0.8,4172.1,203.7
320.94,0.8,4172.1,203.7
321.44,0.8,4172.1,203.7
321.94,1.9,4172.1,203.7
322.44,0.9,4172.1,203.7
322.94,0.8,4172.1,203.7
323.44,0.8,4172.1,203.7
323.94,0.8,4172.1,203.7
324.44,0.8,4172.3,203.7
324.94,2.5,4172.1,203.7
325.44,0.8,4172.1,203.7
325.94,0.8,4172.1,203.7
326.44,0.8,4172.1,203.7
326.94,2.2,4172.1,203.7
327.45,0.8,4172.1,203.7
327.95,0.8,4172.1,203.7
328.45,0.8,4172.1,203.7
328.95,0.8,4172.1,203.7
329.45,0.8,4172.1,203.7
329.95,3.0,4172.1,203.7
330.45,0.8,4172.1,203.7
330.95,0.8,4172.1,203.7
331.45,0.9,4172.1,203.7
331.95,1.8,4172.1,203.7
332.45,0.9,4172.1,203.7
332.95,0.8,4172.1,203.7
333.45,0.8,4172.1,203.7
333.95,0.8,4172.1,203.7
334.46,0.8,4172.1,203.7
334.96,3.0,4172.1,203.7
335.46,0.8,4172.1,203.7
335.96,0.8,4172.1,203.7
336.46,0.8,4172.1,203.7
336.96,2.2,4172.1,203.7
337.46,0.8,4172.1,203.7
337.96,0.8,4172.1,203.7
338.46,0.8,4172.1,203.7
338.96,0.9,4172.1,203.7
339.46,0.8,4172.1,203.7
339.96,3.2,4172.1,203.7
340.46,0.8,4172.1,203.7
340.96,0.8,4172.1,203.7
341.47,0.8,4172.1,203.7
341.97,1.8,4172.3,203.7
342.47,0.9,4172.3,203.7
342.97,0.8,4172.3,203.7
343.47,0.8,4172.3,203.7
343.97,0.8,4172.1,203.7
344.47,0.8,4172.1,203.7
344.97,2.4,4172.1,203.7
345.47,0.8,4172.1,203.7
345.97,0.8,4172.1,203.7
346.47,0.8,4172.1,203.7
346.97,1.8,4172.1,203.7
347.47,0.8,4172.2,203.7
347.97,0.8,4172.2,203.7
348.47,0.8,4172.2,203.7
348.98,0.8,4173.2,203.8
349.48,0.8,4173.2,203.8
349.98,3.0,4174.3,203.8
350.48,0.8,4174.3,203.8
350.98,0.8,4174.3,203.8
351.48,0.9,4174.3,203.8
351.98,1.2,4174.3,203.8
352.48,0.8,4174.3,203.8
352.98,0.8,4174.3,203.8
353.48,0.8,4174.2,203.8
353.98,0.8,4174.0,203.8
354.48,0.8,4174.0,203.8
354.98,2.8,4173.9,203.8
355.48,0.8,4173.8,203.8
355.99,0.8,4173.9,203.8
356.49,0.8,4173.8,203.8
356.99,1.9,4173.8,203.8
357.49,0.8,4173.8,203.8
357.99,0.8,4173.8,203.8
358.49,0.8,4173.6,203.8
358.99,0.8,4173.6,203.8
359.49,0.8,4173.6,203.8
359.99,3.0,4173.6,203.8
360.49,0.8,4173.6,203.8
360.99,0.8,4173.6,203.8
361.49,0.9,4173.6,203.8
361.99,1.3,4173.6,203.8
362.49,0.9,4173.6,203.8
362.99,0.8,4173.6,203.8
363.5,0.8,4173.6,203.8
364.0,0.8,4173.6,203.8
364.5,0.8,4173.6,203.8
365.0,2.8,4173.6,203.8
365.5,0.8,4173.6,203.8
366.0,0.8,4173.6,203.8
366.5,0.8,4173.6,203.8
367.0,1.5,4173.6,203.8
367.5,0.8,4173.6,203.8
368.0,0.8,4173.6,203.8
368.5,0.8,4173.6,203.8
369.0,0.9,4173.6,203.8
369.5,0.8,4173.6,203.8
370.0,3.4,4173.6,203.8
370.51,0.8,4173.6,203.8
371.01,0.8,4173.5,203.8
371.51,0.8,4173.5,203.8
372.01,1.6,4173.5,203.8
372.51,0.9,4173.5,203.8
373.01,0.8,4173.5,203.8
373.51,0.8,4173.5,203.8
374.01,0.8,4173.5,203.8
374.51,0.8,4173.5,203.8
375.01,3.7,4173.5,203.8
375.51,0.8,4173.5,203.8
376.01,0.8,4173.5,203.8
376.51,0.8,4173.5,203.8
377.01,1.2,4173.5,203.8
377.51,0.8,4173.6,203.8
378.02,0.8,4173.6,203.8
378.52,0.8,4173.6,203.8
379.02,0.8,4173.5,203.8
379.52,0.8,4173.5,203.8
380.02,2.5,4173.5,203.8
380.52,0.8,4173.5,203.8
381.02,0.8,4173.5,203.8
381.52,0.8,4173.5,203.8
382.02,2.3,4173.5,203.8
382.52,0.9,4173.5,203.8
383.02,0.9,4173.5,203.8
383.52,0.8,4173.5,203.8
384.02,0.8,4173.5,203.8
384.52,0.8,4173.5,203.8
385.02,2.4,4173.5,203.8
385.53,0.8,4173.5,203.8
386.03,0.8,4173.5,203.8
386.53,0.8,4173.5,203.8
387.03,1.8,4173.6,203.8
387.53,0.8,4173.5,203.8
388.03,0.8,4173.5,203.8
388.53,0.8,4173.5,203.8
389.03,0.8,4173.5,203.8
389.53,0.8,4173.5,203.8
390.03,3.0,4173.5,203.8
390.53,0.8,4173.5,203.8
391.03,0.8,4173.5,203.8
391.53,0.9,4173.5,203.8
392.03,2.3,4173.5,203.8
392.54,0.8,4173.5,203.8
393.04,0.8,4173.5,203.8
393.54,0.8,4173.5,203.8
394.04,0.8,4173.5,203.8
394.54,0.8,4173.5,203.8
395.04,2.7,4173.5,203.8
395.54,0.8,4173.5,203.8
396.04,0.8,4173.5,203.8
396.54,0.8,4173.5,203.8
397.04,0.9,4173.5,203.8
397.54,0.8,4173.5,203.8
398.04,0.8,4173.5,203.8
398.54,0.8,4173.5,203.8
399.04,0.9,4173.5,203.8
399.54,0.8,4173.5,203.8
400.05,2.7,4173.5,203.8
400.55,1.0,4173.5,203.8
401.05,0.8,4173.5,203.8
401.55,0.8,4173.5,203.8
402.05,1.8,4173.5,203.8
402.55,0.8,4173.5,203.8
403.05,0.8,4173.5,203.8
403.55,0.8,4173.5,203.8
404.05,0.8,4173.5,203.8
404.55,0.8,4173.5,203.8
405.05,2.9,4173.5,203.8
405.55,0.8,4173.5,203.8
406.05,0.8,4173.5,203.8
406.55,0.8,4173.5,203.8
407.05,1.0,4173.5,203.8
407.56,0.8,4173.5,203.8
408.06,0.8,4173.5,203.8
408.56,0.8,4173.5,203.8
409.06,0.8,4173.5,203.8
409.56,0.8,4173.5,203.8
410.06,2.8,4173.5,203.8
410.56,0.8,4173.5,203.8
411.06,0.8,4173.5,203.8
411.56,0.9,4173.6,203.8
412.06,2.1,4173.6,203.8
412.56,0.9,4173.6,203.8
413.06,0.8,4173.6,203.8
413.56,0.8,4173.6,203.8
414.06,0.8,4173.6,203.8
414.56,0.8,4173.6,203.8
415.06,2.7,4173.6,203.8
415.57,0.8,4173.5,203.8
416.07,0.8,4173.5,203.8
416.57,0.8,4173.5,203.8
417.07,2.3,4173.5,203.8
417.57,0.8,4173.5,203.8
418.07,0.8,4173.5,203.8
418.57,0.8,4173.6,203.8
419.07,0.8,4173.6,203.8
419.57,0.9,4173.5,203.8
420.07,3.3,4173.5,203.8
420.57,0.8,4173.5,203.8
421.07,0.8,4173.5,203.8
421.57,0.9,4173.5,203.8
422.07,1.7,4173.5,203.8
422.57,0.8,4173.5,203.8
423.08,0.8,4173.5,203.8
423.58,0.8,4173.7,203.8
424.08,0.8,4173.5,203.8
424.58,0.8,4173.5,203.8
425.08,2.4,4173.5,203.8
425.58,0.8,4173.5,203.8
426.08,0.8,4173.5,203.8
426.58,0.8,4173.5,203.8
427.08,1.7,4173.5,203.8
427.58,0.8,4173.5,203.8
428.08,0.8,4173.5,203.8
428.58,0.8,4173.5,203.8
429.08,0.9,4173.5,203.8
429.58,0.8,4173.5,203.8
430.08,2.9,4173.5,203.8
430.59,0.8,4173.5,203.8
431.09,0.8,4173.5,203.8
431.59,0.8,4173.5,203.8
432.09,1.6,4173.5,203.8
432.59,0.9,4173.5,203.8
433.09,0.8,4173.5,203.8
433.59,0.8,4173.5,203.8
434.09,0.8,4173.5,203.8
434.59,0.8,4173.5,203.8
435.09,1.3,4173.5,203.8
435.59,0.8,4173.5,203.8
436.09,0.8,4173.5,203.8
436.59,0.8,4173.5,203.8
437.09,1.9,4173.5,203.8
437.59,0.8,4173.5,203.8
438.1,0.8,4173.5,203.8
438.6,0.8,4173.5,203.8
439.1,1.0,4173.6,203.8
439.6,0.8,4173.6,203.8
440.1,3.1,4173.6,203.8
440.6,0.8,4173.6,203.8
441.1,0.8,4173.6,203.8
441.6,0.8,4173.6,203.8
442.1,2.1,4173.7,203.8
442.6,0.8,4173.6,203.8
443.1,0.8,4173.6,203.8
443.6,1.0,4173.6,203.8
444.1,0.8,4173.6,203.8
444.6,0.8,4173.6,203.8
445.11,2.2,4173.6,203.8
445.61,0.8,4173.6,203.8
446.11,0.8,4173.6,203.8
446.61,0.8,4173.6,203.8
447.11,1.4,4173.6,203.8
447.61,0.8,4173.6,203.8
448.11,0.8,4173.6,203.8
448.61,0.8,4173.6,203.8
449.11,0.8,4173.6,203.8
449.61,0.8,4173.6,203.8
450.11,3.6,4173.6,203.8
450.61,0.8,4173.6,203.8
451.11,0.8,4173.6,203.8
451.61,0.9,4173.6,203.8
452.11,1.6,4173.6,203.8
452.62,0.9,4173.6,203.8
453.12,0.8,4173.6,203.8
453.62,0.8,4173.6,203.8
454.12,0.8,4173.6,203.8
454.62,0.8,4173.6,203.8
455.12,3.5,4173.6,203.8
455.62,0.8,4173.6,203.8
456.12,0.8,4173.6,203.8
456.62,0.8,4173.6,203.8
457.12,1.4,4173.6,203.8
457.62,0.8,4173.6,203.8
458.12,0.8,4173.6,203.8
458.62,0.8,4173.6,203.8
459.12,0.9,4173.6,203.8
459.62,0.8,4173.6,203.8
460.13,2.8,4173.6,203.8
460.63,0.8,4173.6,203.8
461.13,0.9,4173.6,203.8
461.63,0.8,4173.6,203.8
462.13,2.1,4173.6,203.8
462.63,0.8,4173.6,203.8
463.13,0.8,4173.6,203.8
463.63,0.8,4173.6,203.8
464.13,0.8,4173.6,203.8
464.63,0.8,4173.6,203.8
465.13,2.6,4173.6,203.8
465.63,0.8,4173.6,203.8
466.13,0.8,4173.6,203.8
466.63,0.8,4173.6,203.8
467.13,1.6,4173.6,203.8
467.64,0.8,4173.6,203.8
468.14,0.8,4173.6,203.8
468.64,0.8,4173.7,203.8
469.14,0.8,4173.7,203.8
469.64,0.8,4173.7,203.8
470.14,3.6,4173.7,203.8
470.64,0.8,4173.7,203.8
471.14,0.9,4173.7,203.8
471.64,0.8,4173.7,203.8
472.14,1.5,4173.8,203.8
472.64,0.9,4173.7,203.8
473.14,0.8,4173.7,203.8
473.64,0.8,4173.7,203.8
474.14,0.8,4173.7,203.8
474.64,0.8,4173.7,203.8
475.15,2.7,4173.7,203.8
475.65,0.8,4173.7,203.8
476.15,0.9,4173.7,203.8
476.65,0.8,4173.7,203.8
477.15,2.2,4173.7,203.8
477.65,0.8,4173.7,203.8
478.15,0.8,4173.7,203.8
478.65,0.8,4173.7,203.8
479.15,0.8,4173.7,203.8
479.65,0.8,4173.7,203.8
480.15,3.2,4173.7,203.8
480.65,0.8,4173.7,203.8
481.15,0.8,4173.7,203.8
481.65,0.9,4173.7,203.8
482.15,1.6,4173.8,203.8
482.66,0.9,4173.8,203.8
483.16,0.8,4173.8,203.8
483.66,0.8,4173.8,203.8
484.16,0.8,4173.8,203.8
484.66,0.8,4173.8,203.8
485.16,2.5,4173.8,203.8
485.66,0.8,4173.8,203.8
486.16,0.8,4173.7,203.8
486.66,0.8,4173.7,203.8
487.16,1.9,4173.7,203.8
487.66,0.8,4173.7,203.8
488.16,0.9,4173.8,203.8
488.66,0.8,4173.8,203.8
489.16,1.0,4173.7,203.8
489.66,0.8,4173.7,203.8
490.17,2.8,4173.7,203.8
490.67,0.8,4173.7,203.8
491.17,0.8,4173.7,203.8
491.67,0.8,4173.7,203.8
492.17,1.6,4173.7,203.8
492.67,0.8,4173.7,203.8
493.17,0.8,4173.7,203.8
493.67,0.8,4173.7,203.8
494.17,0.8,4173.7,203.8
494.67,0.8,4173.7,203.8
495.17,3.0,4173.6,203.8
495.67,0.8,4173.6,203.8
496.17,0.8,4173.6,203.8
496.67,0.8,4173.6,203.8
497.18,2.3,4173.6,203.8
497.68,0.8,4173.6,203.8
498.18,0.8,4173.6,203.8
498.68,0.8,4173.6,203.8
499.18,0.8,4173.6,203.8
499.68,0.8,4173.6,203.8
500.18,3.4,4173.6,203.8
500.68,0.8,4173.6,203.8
501.18,0.8,4173.6,203.8
501.68,0.8,4173.6,203.8
502.18,1.3,4173.6,203.8
502.68,0.8,4173.6,203.8
503.18,0.8,4173.6,203.8
503.68,0.8,4173.6,203.8
504.18,0.8,4173.6,203.8
504.69,0.8,4173.6,203.8
505.19,2.9,4173.6,203.8
505.69,0.8,4173.6,203.8
506.19,0.8,4173.6,203.8
506.69,0.8,4173.6,203.8
507.19,1.7,4173.6,203.8
507.69,0.8,4173.6,203.8
508.19,0.8,4173.6,203.8
508.69,0.8,4173.6,203.8
509.19,0.8,4173.6,203.8
509.69,0.8,4173.6,203.8
510.19,2.3,4173.6,203.8
510.69,0.8,4173.6,203.8
511.19,0.8,4173.6,203.8
511.7,0.9,4173.6,203.8
512.2,1.8,4173.6,203.8
512.7,0.8,4173.7,203.8
513.2,0.8,4173.7,203.8
513.7,0.8,4173.7,203.8
514.2,0.8,4173.7,203.8
514.7,0.8,4173.7,203.8
515.2,3.4,4173.7,203.8
515.7,0.8,4173.7,203.8
516.2,0.8,4173.7,203.8
516.7,0.8,4173.7,203.8
517.2,1.5,4173.8,203.8
517.7,0.8,4173.8,203.8
518.2,0.9,4173.8,203.8
518.7,0.8,4173.8,203.8
519.21,0.9,4173.7,203.8
519.71,0.8,4173.7,203.8
520.21,2.6,4173.7,203.8
520.71,1.0,4173.7,203.8
521.21,0.8,4173.7,203.8
521.71,0.8,4173.7,203.8
522.21,1.6,4173.7,203.8
522.71,0.9,4173.7,203.8
523.21,0.8,4173.7,203.8
523.71,0.9,4173.7,203.8
524.21,0.8,4173.7,203.8
524.71,0.8,4173.7,203.8
525.21,2.8,4173.7,203.8
525.71,0.8,4173.7,203.8
526.22,0.8,4173.7,203.8
526.72,0.8,4173.7,203.8
527.22,1.7,4173.8,203.8
527.72,0.8,4173.8,203.8
528.22,0.9,4173.8,203.8
528.72,0.8,4173.8,203.8
529.22,0.8,4173.7,203.8
529.72,0.8,4173.7,203.8
530.22,3.5,4173.7,203.8
530.72,0.8,4173.7,203.8
531.22,0.8,4173.7,203.8
531.72,0.8,4173.7,203.8
532.22,2.2,4173.7,203.8
532.72,0.8,4173.7,203.8
533.22,0.8,4173.7,203.8
533.73,0.8,4173.7,203.8
534.23,0.8,4173.7,203.8
534.73,0.8,4173.7,203.8
535.23,2.2,4173.7,203.8
535.73,0.8,4173.7,203.8
536.23,0.9,4173.7,203.8
536.73,0.9,4173.6,203.8
537.23,1.6,4173.6,203.8
537.73,0.8,4173.6,203.8
538.23,0.8,4173.6,203.8
538.73,0.8,4173.6,203.8
539.23,0.8,4173.6,203.8
539.73,0.8,4173.6,203.8
540.23,3.3,4173.6,203.8
540.73,0.8,4173.6,203.8
541.24,0.8,4173.6,203.8
541.74,0.8,4173.6,203.8
542.24,2.2,4173.6,203.8
542.74,0.9,4173.6,203.8
543.24,0.8,4173.6,203.8
543.74,0.8,4173.6,203.8
544.24,0.8,4173.6,203.8
544.74,0.8,4173.7,203.8
545.24,2.7,4173.7,203.8
545.74,0.9,4173.7,203.8
546.24,0.8,4173.7,203.8
546.74,0.8,4173.7,203.8
547.24,1.2,4173.7,203.8
547.74,0.8,4173.7,203.8
548.24,0.8,4173.7,203.8
548.75,0.8,4173.7,203.8
549.25,0.8,4173.7,203.8
549.75,0.8,4173.9,203.8
550.25,3.4,4173.9,203.8
550.75,0.9,4173.7,203.8
551.25,0.8,4173.7,203.8
551.75,0.8,4173.7,203.8
552.25,1.7,4173.7,203.8
552.75,0.9,4173.7,203.8
553.25,0.8,4173.7,203.8
553.75,0.8,4173.7,203.8
554.25,0.8,4173.7,203.8
554.75,0.8,4173.7,203.8
555.25,3.6,4173.7,203.8
555.76,0.8,4173.7,203.8
556.26,0.8,4173.7,203.8
556.76,0.8,4173.6,203.8
557.26,1.8,4173.6,203.8
557.76,0.8,4173.6,203.8
558.26,0.8,4173.6,203.8
558.76,0.8,4173.6,203.8
559.26,0.8,4173.6,203.8
559.76,0.8,4173.6,203.8
560.26,2.5,4173.6,203.8
560.76,0.8,4173.6,203.8
561.26,0.8,4173.6,203.8
561.76,0.8,4173.6,203.8
562.26,2.1,4173.6,203.8
562.76,0.9,4173.6,203.8
563.27,0.8,4173.6,203.8
563.77,0.8,4173.6,203.8
564.27,0.8,4173.6,203.8
564.77,0.8,4173.6,203.8
565.27,3.4,4173.6,203.8
565.77,0.8,4173.6,203.8
566.27,0.8,4173.6,203.8
566.77,0.8,4173.6,203.8
567.27,1.5,4173.6,203.8
567.77,0.8,4173.6,203.8
568.27,0.8,4173.6,203.8
568.77,0.8,4173.6,203.8
569.27,0.8,4173.6,203.8
569.77,0.8,4173.6,203.8
570.27,2.6,4173.6,203.8
570.78,0.8,4173.6,203.8
571.28,0.8,4173.6,203.8
571.78,0.9,4173.6,203.8
572.28,2.0,4173.6,203.8
572.78,0.9,4173.6,203.8
573.28,0.8,4173.6,203.8
573.78,0.8,4173.6,203.8
574.28,0.8,4173.8,203.8
574.78,0.8,4173.8,203.8
575.28,2.6,4173.8,203.8
575.78,0.8,4173.8,203.8
576.28,0.8,4173.8,203.8
576.78,0.8,4173.8,203.8
577.28,2.0,4173.6,203.8
577.78,0.8,4173.6,203.8
578.29,0.8,4173.6,203.8
578.79,0.8,4173.6,203.8
579.29,0.8,4173.6,203.8
579.79,0.8,4173.6,203.8
580.29,2.9,4173.9,203.8
580.79,0.8,4173.9,203.8
581.29,0.9,4173.6,203.8
581.79,0.8,4173.6,203.8
582.29,1.5,4173.6,203.8
582.79,0.9,4173.6,203.8
583.29,0.8,4173.6,203.8
583.79,0.9,4173.6,203.8
584.29,0.8,4173.6,203.8
584.79,0.8,4173.8,203.8
585.3,3.0,4173.8,203.8
585.8,0.8,4173.8,203.8
586.3,0.9,4173.8,203.8
586.8,0.8,4173.9,203.8
587.3,2.1,4173.8,203.8
587.8,0.8,4173.9,203.8
588.3,0.8,4173.9,203.8
588.8,0.8,4173.9,203.8
589.3,0.8,4173.9,203.8
589.8,0.8,4173.9,203.8
590.3,2.8,4173.8,203.8
590.8,0.8,4173.8,203.8
591.3,0.9,4173.8,203.8
591.8,0.8,4173.8,203.8
592.3,1.5,4173.8,203.8
592.81,0.8,4173.8,203.8
593.31,0.8,4173.8,203.8
593.81,0.8,4173.8,203.8
594.31,0.8,4173.8,203.8
594.81,0.8,4173.8,203.8
595.31,2.9,4173.8,203.8
595.81,0.8,4173.7,203.8
596.31,0.8,4173.7,203.8
596.81,0.8,4173.7,203.8
597.31,2.2,4173.7,203.8
597.81,0.8,4173.8,203.8
598.31,0.8,4173.8,203.8
598.81,0.8,4173.8,203.8
599.31,0.8,4173.8,203.8
599.81,0.8,4173.8,203.8
600.32,2.2,4173.8,203.8
600.82,0.8,4173.8,203.8
601.32,0.8,4173.8,203.8
601.82,0.9,4173.8,203.8
602.32,1.8,4173.8,203.8
602.82,0.9,4173.8,203.8
603.32,0.8,4173.8,203.8
603.82,0.8,4173.8,203.8
604.32,0.8,4173.8,203.8
604.82,0.8,4173.8,203.8
605.32,2.9,4173.8,203.8
605.82,0.8,4173.8,203.8
606.32,0.8,4173.8,203.8
606.82,0.8,4173.8,203.8
607.32,1.6,4173.8,203.8
607.83,0.8,4173.8,203.8
608.33,0.8,4173.8,203.8
608.83,0.8,4173.8,203.8
609.33,0.9,4173.7,203.8
609.83,0.8,4173.7,203.8
610.33,3.5,4173.7,203.8
610.83,0.8,4173.7,203.8
611.33,0.8,4173.7,203.8
611.83,0.8,4173.7,203.8
612.33,1.4,4173.7,203.8
612.83,0.9,4173.7,203.8
613.33,0.8,4173.7,203.8
613.83,0.8,4173.7,203.8
614.33,0.8,4173.7,203.8
614.83,0.8,4173.7,203.8
615.34,2.6,4173.7,203.8
615.84,0.8,4173.7,203.8
616.34,0.8,4173.8,203.8
616.84,0.8,4173.8,203.8
617.34,2.2,4173.8,203.8
617.84,0.8,4173.8,203.8
618.34,0.8,4173.8,203.8
618.84,0.8,4173.8,203.8
619.34,0.8,4173.9,203.8
619.84,0.8,4173.9,203.8
620.34,2.6,4173.9,203.8
620.84,0.8,4173.9,203.8
621.34,0.8,4173.8,203.8
621.84,0.8,4173.8,203.8
622.35,1.1,4173.8,203.8
622.85,0.8,4173.8,203.8
623.35,0.8,4173.8,203.8
623.85,0.8,4173.8,203.8
624.35,0.8,4173.8,203.8
624.85,0.8,4173.8,203.8
625.35,3.2,4173.7,203.8
625.85,0.8,4173.7,203.8
626.35,0.8,4173.7,203.8
626.85,0.8,4173.7,203.8
627.35,1.6,4173.7,203.8
627.85,0.8,4173.7,203.8
628.35,0.8,4173.7,203.8
628.85,0.8,4173.8,203.8
629.35,0.8,4173.8,203.8
629.86,0.9,4173.8,203.8
630.36,3.3,4173.8,203.8
630.86,0.8,4173.8,203.8
631.36,0.8,4173.8,203.8
631.86,0.9,4173.7,203.8
632.36,2.1,4173.7,203.8
632.86,0.9,4173.7,203.8
633.36,0.8,4173.7,203.8
633.86,0.8,4173.8,203.8
634.36,0.8,4173.7,203.8
634.86,0.9,4173.7,203.8
635.36,2.7,4173.7,203.8
635.86,0.8,4173.7,203.8
636.36,0.8,4173.7,203.8
636.86,0.8,4173.7,203.8
637.37,1.6,4173.7,203.8
637.87,0.8,4173.9,203.8
638.37,0.8,4173.9,203.8
638.87,0.8,4173.9,203.8
639.37,0.8,4173.9,203.8
639.87,0.9,4173.8,203.8
640.37,3.4,4173.8,203.8
640.87,1.0,4173.8,203.8
641.37,0.8,4173.8,203.8
641.87,0.8,4173.8,203.8
642.37,2.1,4173.8,203.8
642.87,0.9,4173.8,203.8
643.37,0.8,4173.8,203.8
643.87,0.8,4173.8,203.8
644.37,0.8,4173.8,203.8
644.88,0.8,4173.8,203.8
645.38,1.8,4173.8,203.8
645.88,0.8,4173.8,203.8
646.38,0.8,4173.8,203.8
646.88,0.8,4173.8,203.8
647.38,2.1,4173.8,203.8
647.88,0.9,4173.8,203.8
648.38,0.8,4173.8,203.8
648.88,0.8,4173.8,203.8
649.38,0.8,4173.8,203.8
649.88,0.8,4173.8,203.8
650.38,3.2,4173.8,203.8
650.88,0.8,4173.8,203.8
651.38,0.8,4173.8,203.8
651.89,0.8,4173.8,203.8
652.39,2.1,4173.8,203.8
652.89,0.9,4173.8,203.8
653.39,0.8,4173.8,203.8
653.89,0.8,4173.8,203.8
654.39,0.8,4173.8,203.8
654.89,0.8,4173.8,203.8
655.39,3.0,4173.8,203.8
655.89,0.8,4173.8,203.8
656.39,1.1,4173.8,203.8
656.89,0.8,4173.8,203.8
657.39,1.8,4173.8,203.8
657.89,0.8,4173.8,203.8
658.39,0.8,4173.8,203.8
658.89,0.8,4173.8,203.8
659.4,0.8,4173.8,203.8
659.9,0.8,4173.8,203.8
660.4,2.7,4173.8,203.8
660.9,0.8,4173.8,203.8
661.4,0.9,4173.8,203.8
661.9,0.9,4173.8,203.8
662.4,2.0,4173.8,203.8
662.9,0.9,4173.8,203.8
663.4,0.8,4173.8,203.8
663.9,0.8,4173.8,203.8
664.4,0.8,4173.8,203.8
664.9,0.8,4173.8,203.8
665.4,3.4,4173.8,203.8
665.91,0.8,4173.8,203.8
666.41,0.8,4173.8,203.8
666.91,0.8,4173.8,203.8
667.41,2.0,4173.8,203.8
667.91,0.8,4173.8,203.8
668.41,0.8,4173.8,203.8
668.91,0.8,4173.8,203.8
669.41,0.8,4173.8,203.8
669.91,0.8,4173.8,203.8
670.41,2.6,4173.8,203.8
670.91,0.8,4173.8,203.8
671.41,0.8,4173.9,203.8
671.91,0.8,4174.0,203.8
672.41,1.8,4174.1,203.8
672.91,0.8,4174.0,203.8
673.42,0.9,4174.0,203.8
673.92,0.8,4173.9,203.8
674.42,0.8,4173.9,203.8
674.92,0.8,4174.0,203.8
675.42,2.9,4174.0,203.8
675.92,0.8,4174.0,203.8
676.42,0.8,4174.0,203.8
676.92,0.8,4174.0,203.8
677.42,1.2,4174.0,203.8
677.92,0.8,4173.9,203.8
678.42,0.8,4173.9,203.8
678.92,0.8,4173.9,203.8
679.42,0.9,4173.9,203.8
679.92,0.8,4173.9,203.8
680.42,2.8,4173.9,203.8
680.93,0.8,4173.9,203.8
681.43,0.8,4174.0,203.8
681.93,0.8,4174.1,203.8
682.43,1.3,4174.1,203.8
682.93,0.9,4174.1,203.8
683.43,0.9,4174.1,203.8
683.93,0.9,4173.8,203.8
684.43,0.8,4173.8,203.8
684.93,0.8,4173.8,203.8
685.43,2.9,4173.8,203.8
685.93,0.8,4173.8,203.8
686.43,0.8,4173.8,203.8
686.93,0.8,4173.8,203.8
687.43,1.8,4173.8,203.8
687.93,0.9,4173.8,203.8
688.44,0.8,4173.8,203.8
688.94,0.8,4173.8,203.8
689.44,0.8,4173.8,203.8
689.94,0.8,4174.1,203.8
690.44,2.2,4174.1,203.8
690.94,0.8,4174.0,203.8
691.44,0.8,4174.0,203.8
691.94,0.9,4174.0,203.8
692.44,1.5,4173.8,203.8
692.94,0.9,4173.8,203.8
693.44,0.8,4173.8,203.8
693.94,0.8,4173.8,203.8
694.44,0.8,4173.8,203.8
694.94,0.8,4173.8,203.8
695.44,2.9,4173.8,203.8
695.95,0.8,4173.7,203.8
696.45,0.8,4173.7,203.8
696.95,0.8,4173.7,203.8
697.45,1.8,4173.7,203.8
697.95,0.8,4173.7,203.8
698.45,0.8,4173.7,203.8
698.95,0.8,4173.7,203.8
699.45,0.9,4173.8,203.8
699.95,0.8,4173.8,203.8
700.45,2.0,4173.8,203.8
700.95,0.8,4173.8,203.8
701.45,0.8,4173.7,203.8
701.95,0.8,4173.7,203.8
702.45,2.1,4173.7,203.8
702.96,0.9,4173.7,203.8
703.46,0.8,4173.7,203.8
703.96,1.0,4173.8,203.8
704.46,0.8,4173.8,203.8
704.96,0.8,4173.8,203.8
705.46,3.4,4173.7,203.8
705.96,0.8,4173.8,203.8
706.46,0.8,4174.0,203.8
706.96,0.8,4174.0,203.8
707.46,2.3,4174.0,203.8
707.96,0.8,4174.0,203.8
708.46,0.8,4174.0,203.8
708.96,0.8,4174.0,203.8
709.46,0.8,4174.0,203.8
709.96,0.8,4174.0,203.8
710.47,2.9,4174.0,203.8
710.97,0.8,4174.0,203.8
711.47,0.8,4174.0,203.8
711.97,0.8,4174.0,203.8
712.47,1.4,4173.9,203.8
712.97,0.8,4173.9,203.8
713.47,0.9,4173.9,203.8
713.97,0.8,4173.8,203.8
714.47,0.8,4173.9,203.8
714.97,0.8,4173.9,203.8
715.47,3.0,4173.9,203.8
715.97,0.8,4173.9,203.8
716.47,0.8,4173.8,203.8
716.97,0.8,4173.8,203.8
717.47,2.2,4173.8,203.8
717.98,0.8,4173.8,203.8
718.48,0.8,4173.8,203.8
718.98,0.8,4173.8,203.8
719.48,0.8,4173.8,203.8
719.98,0.9,4173.8,203.8
720.48,3.0,4173.8,203.8
720.98,0.8,4173.8,203.8
721.48,0.8,4173.8,203.8
721.98,0.9,4173.8,203.8
722.48,1.3,4173.8,203.8
722.98,0.9,4173.8,203.8
723.48,0.8,4173.8,203.8
723.98,0.8,4173.8,203.8
724.48,0.8,4173.8,203.8
724.99,0.8,4173.8,203.8
725.49,3.4,4173.8,203.8
725.99,0.8,4173.8,203.8
726.49,0.8,4173.8,203.8
726.99,0.8,4173.8,203.8
727.49,2.1,4173.8,203.8
727.99,0.8,4173.8,203.8
728.49,0.8,4173.8,203.8
728.99,0.8,4173.8,203.8
729.49,0.9,4173.8,203.8
729.99,0.8,4173.8,203.8
730.49,2.8,4173.8,203.8
730.99,0.8,4173.8,203.8
731.49,0.8,4173.8,203.8
731.99,0.8,4173.8,203.8
732.5,1.5,4173.8,203.8
733.0,0.9,4173.9,203.8
733.5,0.9,4173.8,203.8
734.0,0.8,4173.8,203.8
734.5,0.8,4173.8,203.8
735.0,0.8,4173.8,203.8
735.5,3.7,4173.8,203.8
736.0,0.8,4173.8,203.8
736.5,0.8,4173.8,203.8
737.0,0.8,4173.8,203.8
737.5,1.9,4173.8,203.8
738.0,0.8,4173.8,203.8
738.5,0.8,4173.8,203.8
739.0,0.8,4173.8,203.8
739.5,0.8,4173.8,203.8
740.01,0.8,4173.8,203.8
740.51,3.6,4173.8,203.8
741.01,0.8,4173.8,203.8
741.51,0.8,4173.8,203.8
742.01,0.8,4173.8,203.8
742.51,1.8,4173.8,203.8
743.01,0.8,4173.8,203.8
743.51,0.8,4173.8,203.8
744.01,0.8,4173.8,203.8
744.51,0.8,4173.8,203.8
745.01,0.8,4173.8,203.8
745.51,1.6,4173.8,203.8
746.01,0.8,4173.8,203.8
746.51,0.8,4173.8,203.8
747.01,0.8,4173.8,203.8
747.52,1.0,4173.8,203.8
748.02,0.8,4173.8,203.8
748.52,0.8,4173.8,203.8
749.02,0.8,4173.8,203.8
749.52,0.8,4173.8,203.8
750.02,0.8,4173.8,203.8
750.52,3.6,4173.8,203.8
751.02,0.8,4173.8,203.8
751.52,0.8,4173.8,203.8
752.02,0.9,4173.8,203.8
752.52,1.4,4173.8,203.8
753.02,0.8,4173.8,203.8
753.52,0.8,4173.8,203.8
754.02,0.8,4173.8,203.8
754.52,0.8,4173.9,203.8
755.03,0.8,4173.9,203.8
755.53,2.8,4173.9,203.8
756.03,0.8,4173.9,203.8
756.53,0.8,4173.9,203.8
757.03,0.8,4173.9,203.8
757.53,1.5,4174.1,203.8
758.03,0.8,4174.1,203.8
758.53,0.8,4174.2,203.8
759.03,0.8,4174.1,203.8
759.53,0.9,4174.1,203.8
760.03,0.8,4174.1,203.8
760.53,3.3,4174.1,203.8
761.03,0.8,4174.1,203.8
761.53,0.8,4174.2,203.8
762.04,0.8,4174.2,203.8
762.54,2.0,4174.1,203.8
763.04,0.9,4174.1,203.8
763.54,0.8,4174.1,203.8
764.04,0.8,4174.1,203.8
764.54,0.8,4174.1,203.8
765.04,0.8,4174.1,203.8
765.54,3.3,4173.9,203.8
766.04,0.8,4173.9,203.8
766.54,0.8,4173.9,203.8
767.04,0.8,4173.9,203.8
767.54,1.3,4173.9,203.8
768.04,0.8,4173.9,203.8
768.54,0.8,4173.9,203.8
769.04,0.8,4173.9,203.8
769.54,0.8,4173.9,203.8
770.05,0.8,4173.9,203.8
770.55,3.0,4173.9,203.8
771.05,0.8,4173.9,203.8
771.55,0.8,4173.9,203.8
772.05,0.8,4173.9,203.8
772.55,1.7,4173.9,203.8
773.05,0.9,4173.9,203.8
773.55,0.8,4173.9,203.8
774.05,0.8,4173.9,203.8
774.55,0.8,4173.9,203.8
775.05,0.8,4173.9,203.8
775.55,3.5,4173.9,203.8
776.05,0.8,4173.9,203.8
776.55,0.9,4173.9,203.8
777.06,0.8,4173.9,203.8
777.56,0.8,4173.9,203.8
778.06,0.8,4173.9,203.8
778.56,0.8,4173.9,203.8
779.06,0.8,4173.9,203.8
779.56,0.8,4173.9,203.8
780.06,0.8,4173.9,203.8
780.56,3.0,4173.9,203.8
781.06,0.8,4173.9,203.8
781.56,0.8,4173.9,203.8
782.06,0.9,4173.9,203.8
782.56,1.6,4173.9,203.8
783.06,0.9,4173.9,203.8
783.56,0.8,4173.9,203.8
784.07,0.8,4173.9,203.8
784.57,0.8,4173.9,203.8
785.07,0.8,4173.9,203.8
785.57,2.8,4173.9,203.8
786.07,0.8,4174.1,203.8
786.57,0.8,4174.1,203.8
787.07,0.8,4173.9,203.8
787.57,2.0,4173.9,203.8
788.07,0.8,4173.9,203.8
788.57,0.8,4173.9,203.8
789.07,0.8,4173.9,203.8
789.57,0.9,4173.9,203.8
790.07,0.8,4173.9,203.8
790.57,3.3,4173.9,203.8
791.08,0.8,4173.9,203.8
791.58,0.8,4173.9,203.8
792.08,0.8,4173.9,203.8
792.58,1.8,4173.9,203.8
793.08,0.8,4173.9,203.8
793.58,0.9,4173.9,203.8
794.08,0.8,4174.0,203.8
794.58,0.8,4174.0,203.8
795.08,0.8,4174.0,203.8
795.58,3.2,4174.0,203.8
796.08,0.8,4174.0,203.8
796.58,0.8,4174.0,203.8
797.08,1.0,4174.0,203.8
797.58,1.9,4174.1,203.8
798.08,0.8,4174.1,203.8
798.59,0.9,4174.4,203.8
799.09,0.8,4174.4,203.8
799.59,0.8,4174.1,203.8
800.09,0.8,4174.1,203.8
800.59,2.1,4174.4,203.8
801.09,0.8,4174.4,203.8
801.59,0.8,4174.4,203.8
802.09,0.8,4174.4,203.8
802.59,1.9,4174.2,203.8
803.09,0.9,4174.2,203.8
803.59,0.9,4174.0,203.8
804.09,0.8,4174.0,203.8
804.59,0.8,4174.0,203.8
805.09,0.8,4174.0,203.8
805.6,3.7,4174.0,203.8
806.1,0.9,4174.0,203.8
806.6,0.8,4174.0,203.8
807.1,0.8,4174.0,203.8
807.6,1.2,4173.9,203.8
808.1,0.8,4173.9,203.8
808.6,0.9,4174.0,203.8
809.1,0.8,4174.0,203.8
809.6,0.8,4174.0,203.8
810.1,0.8,4174.0,203.8
810.6,3.4,4174.0,203.8
811.1,0.8,4174.0,203.8
811.6,0.8,4174.0,203.8
812.1,0.9,4173.9,203.8
812.61,2.0,4173.9,203.8
813.11,0.9,4173.9,203.8
813.61,0.8,4173.9,203.8
814.11,0.8,4173.9,203.8
814.61,0.8,4173.9,203.8
815.11,0.8,4173.9,203.8
815.61,3.0,4173.9,203.8
816.11,0.8,4173.9,203.8
816.61,0.8,4173.9,203.8
817.11,0.8,4173.9,203.8
817.61,1.0,4173.9,203.8
818.11,0.8,4173.9,203.8
818.61,0.8,4173.9,203.8
819.11,0.8,4173.9,203.8
819.61,0.9,4173.9,203.8
820.12,0.8,4173.9,203.8
820.62,2.8,4173.9,203.8
821.12,0.8,4173.9,203.8
821.62,0.8,4173.9,203.8
822.12,0.8,4173.9,203.8
822.62,1.7,4173.9,203.8
823.12,0.9,4173.9,203.8
823.62,0.9,4173.9,203.8
824.12,0.8,4174.0,203.8
824.62,0.8,4174.0,203.8
825.12,0.8,4173.9,203.8
825.62,2.5,4173.9,203.8
826.12,1.5,4173.9,203.8
826.62,0.8,4173.9,203.8
827.13,0.8,4173.9,203.8
827.63,1.3,4173.9,203.8
828.13,0.8,4173.9,203.8
828.63,0.8,4173.9,203.8
829.13,0.9,4173.9,203.8
829.63,0.8,4173.9,203.8
830.13,0.8,4174.0,203.8
830.63,2.7,4174.0,203.8
831.13,1.0,4174.1,203.8
831.63,0.8,4174.1,203.8
832.13,0.8,4174.1,203.8
832.63,2.3,4174.1,203.8
833.13,0.9,4174.1,203.8
833.63,0.8,4174.1,203.8
834.13,0.8,4174.1,203.8
834.64,0.8,4174.1,203.8
835.14,0.8,4174.1,203.8
835.64,1.5,4174.1,203.8
836.14,1.8,4174.0,203.8
836.64,0.8,4174.0,203.8
837.14,0.8,4174.0,203.8
837.64,1.2,4174.0,203.8
838.14,0.8,4174.0,203.8
838.64,0.8,4174.0,203.8
839.14,0.8,4174.0,203.8
839.64,0.8,4174.0,203.8
840.14,0.8,4174.0,203.8
840.64,1.8,4174.0,203.8
841.14,1.6,4174.0,203.8
841.65,0.8,4174.0,203.8
842.15,0.9,4174.0,203.8
842.65,1.3,4174.0,203.8
843.15,1.0,4174.0,203.8
843.65,0.8,4174.0,203.8
844.15,0.8,4174.0,203.8
844.65,0.8,4174.0,203.8
845.15,0.8,4174.0,203.8
845.65,2.2,4174.0,203.8
846.15,2.0,4174.0,203.8
846.65,0.8,4174.0,203.8
847.15,0.9,4174.0,203.8
847.65,0.9,4174.1,203.8
848.15,0.0,4174.1,203.8
848.65,0.2,4174.0,203.8
849.16,0.0,4174.0,203.8
849.66,0.1,4173.9,203.8
850.16,0.0,4173.9,203.8
850.66,0.8,4173.9,203.8
851.16,1.5,4173.9,203.8
851.66,0.0,4173.9,203.8
852.29,1.8,2714.6,132.5
852.79,0.5,1928.5,94.2
853.29,0.4,1815.6,88.7
853.79,0.1,1815.1,88.6
854.29,0.0,1814.9,88.6
854.8,0.0,1814.9,88.6
855.3,0.0,1814.7,88.6
855.8,2.0,1814.7,88.6
856.3,0.0,1814.5,88.6
856.8,0.0,1814.4,88.6
